{"epoch": 2, "train_loss": 1.2270924358656912, "val_loss": 8.927619934082031, "_timestamp": 1702076339.3948064, "_runtime": 3.331036329269409, "_step": 2, "_wandb": {"runtime": 5}}