{"epoch": 2, "train_loss": 9.815315448876584, "val_loss": 9.516891161600748, "_timestamp": 1702076102.0513828, "_runtime": 14.47043776512146, "_step": 2, "_wandb": {"runtime": 17}}