{"epoch": 2, "train_loss": 1.6760551929473877, "val_loss": 9.127383708953857, "_timestamp": 1702076787.266345, "_runtime": 3.0160701274871826, "_step": 2, "_wandb": {"runtime": 4}}