{"epoch": 2, "train_loss": 9.815315448876584, "val_loss": 9.516891161600748, "_timestamp": 1702061116.5731611, "_runtime": 14.824775218963623, "_step": 1, "_wandb": {"runtime": 19}}