{"epoch": 2, "train_loss": 1.6760551929473877, "val_loss": 9.127383708953857, "_timestamp": 1702076757.7740173, "_runtime": 3.1252012252807617, "_step": 2, "_wandb": {"runtime": 3}}