{"epoch": 2, "train_loss": 1.9281963182218147, "val_loss": 10.396334807078043, "_timestamp": 1702076481.6483774, "_runtime": 3.806563377380371, "_step": 2, "_wandb": {"runtime": 5}}