{"epoch": 2, "train_loss": 9.815315448876584, "val_loss": 9.516891161600748, "_timestamp": 1702061526.3570707, "_runtime": 14.610607624053955, "_step": 2, "_wandb": {"runtime": 16}}