{"epoch": 1, "train_loss": 10.688919211878922, "val_loss": 10.555890242258707, "_timestamp": 1702060979.7911875, "_runtime": 7.70759654045105, "_step": 0, "_wandb": {"runtime": 7}}