{"epoch": 2, "train_loss": 9.815315448876584, "val_loss": 9.516891161600748, "_timestamp": 1702061323.821444, "_runtime": 14.967697143554688, "_step": 1, "_wandb": {"runtime": 16}}